avg_waiting_time,deadline_miss_rate,throughput,scheduler
15.4,0.5,0.2564102564102564,FCFS
13.3,0.5,0.2564102564102564,SJF
15.4,0.5,0.2564102564102564,EDF
25.6,1.0,0.2564102564102564,RR
